datetime,open,high,low,close,volume
2026-07-24T13:30:00+00:00,321.52999999999975,325.3099999999997,321.52999999999975,324.72999999999973,1664
2026-07-24T13:35:00+00:00,324.72999999999973,325.88999999999976,324.53999999999974,325.22999999999973,1546
2026-07-24T13:40:00+00:00,325.22999999999973,325.9499999999997,324.9499999999997,325.66999999999973,1620
2026-07-24T13:45:00+00:00,325.66999999999973,327.5099999999997,325.5499999999997,326.7999999999997,1762
2026-07-24T13:50:00+00:00,326.7999999999997,327.41999999999973,326.26999999999975,327.32999999999976,1531
2026-07-24T13:55:00+00:00,327.32999999999976,327.78999999999974,326.7399999999997,326.7999999999997,1736
2026-07-24T14:00:00+00:00,326.7999999999997,327.6999999999997,326.7999999999997,327.41999999999973,1969
2026-07-24T14:05:00+00:00,327.41999999999973,328.2499999999997,327.3099999999997,328.14999999999975,1612
2026-07-24T14:10:00+00:00,328.14999999999975,328.65999999999974,328.0599999999997,328.0599999999997,1549
2026-07-24T14:15:00+00:00,328.0599999999997,328.59999999999974,327.8199999999997,328.22999999999973,1697
2026-07-24T14:20:00+00:00,328.22999999999973,329.4299999999997,328.14999999999975,329.26999999999975,1472
2026-07-24T14:25:00+00:00,329.26999999999975,329.4399999999997,328.57999999999976,328.77999999999975,1586
2026-07-24T14:30:00+00:00,328.77999999999975,329.3799999999997,328.7499999999997,329.1899999999997,1611
2026-07-24T14:35:00+00:00,329.1899999999997,329.6799999999997,329.14999999999975,329.3099999999997,1452
2026-07-24T14:40:00+00:00,329.3099999999997,329.8099999999997,329.2999999999997,329.39999999999975,1606
2026-07-24T14:45:00+00:00,329.39999999999975,329.6799999999997,329.2399999999997,329.47999999999973,1580
2026-07-24T14:50:00+00:00,329.47999999999973,330.21999999999974,329.28999999999974,329.7399999999997,1286
2026-07-24T14:55:00+00:00,329.7399999999997,330.2599999999997,329.5499999999997,329.9399999999997,1436
2026-07-24T15:00:00+00:00,329.9399999999997,330.5099999999997,329.7499999999997,330.3799999999997,1325
2026-07-24T15:05:00+00:00,330.3799999999997,330.6799999999997,330.15999999999974,330.39999999999975,1420
2026-07-24T15:10:00+00:00,330.39999999999975,331.38999999999976,330.15999999999974,331.3199999999997,1798
2026-07-24T15:15:00+00:00,331.3199999999997,331.63999999999976,331.0499999999997,331.16999999999973,1618
2026-07-24T15:20:00+00:00,331.16999999999973,331.5499999999997,331.14999999999975,331.45999999999975,1269
2026-07-24T15:25:00+00:00,331.45999999999975,331.9399999999997,331.34999999999974,331.72999999999973,1302
2026-07-24T15:30:00+00:00,331.72999999999973,332.32999999999976,331.58999999999975,332.22999999999973,1107
2026-07-24T15:35:00+00:00,332.22999999999973,332.6999999999997,332.21999999999974,332.6899999999997,1201
2026-07-24T15:40:00+00:00,332.6899999999997,333.27999999999975,332.66999999999973,332.85999999999973,1137
2026-07-24T15:45:00+00:00,332.85999999999973,333.21999999999974,332.77999999999975,332.9499999999997,912
2026-07-24T15:50:00+00:00,332.9499999999997,333.6299999999997,332.9499999999997,333.35999999999973,843
2026-07-24T15:55:00+00:00,333.35999999999973,333.4499999999997,332.8799999999997,333.0499999999997,1253
2026-07-24T16:00:00+00:00,333.0499999999997,333.84999999999974,332.9999999999997,333.71999999999974,970
2026-07-24T16:05:00+00:00,333.71999999999974,334.10999999999973,333.07999999999976,333.09999999999974,1140
2026-07-24T16:10:00+00:00,333.09999999999974,333.2999999999997,332.6899999999997,333.2499999999997,1257
2026-07-24T16:15:00+00:00,333.2499999999997,333.77999999999975,332.9899999999997,333.66999999999973,835
2026-07-24T16:20:00+00:00,333.66999999999973,334.3799999999997,333.65999999999974,333.97999999999973,948
2026-07-24T16:25:00+00:00,333.97999999999973,334.2599999999997,333.6799999999997,333.71999999999974,863
2026-07-24T16:30:00+00:00,333.71999999999974,333.83999999999975,333.35999999999973,333.57999999999976,877
2026-07-24T16:35:00+00:00,333.57999999999976,333.95999999999975,333.47999999999973,333.7499999999997,806
2026-07-24T16:40:00+00:00,333.7499999999997,333.9499999999997,333.4999999999997,333.60999999999973,763
2026-07-24T16:45:00+00:00,333.60999999999973,333.7399999999997,332.95999999999975,333.07999999999976,883
2026-07-24T16:50:00+00:00,333.07999999999976,333.1899999999997,332.6799999999997,332.96999999999974,817
2026-07-24T16:55:00+00:00,332.96999999999974,333.2399999999997,332.83999999999975,333.15999999999974,897
2026-07-24T17:00:00+00:00,333.15999999999974,333.5099999999997,332.88999999999976,332.89999999999975,1005
2026-07-24T17:05:00+00:00,332.89999999999975,333.0499999999997,332.5599999999997,332.6899999999997,989
2026-07-24T17:10:00+00:00,332.6899999999997,332.84999999999974,332.4299999999997,332.51999999999975,887
2026-07-24T17:15:00+00:00,332.51999999999975,332.78999999999974,332.34999999999974,332.4299999999997,679
2026-07-24T17:20:00+00:00,332.4299999999997,332.66999999999973,332.16999999999973,332.3099999999997,794
2026-07-24T17:25:00+00:00,332.3099999999997,332.4999999999997,332.16999999999973,332.38999999999976,592
2026-07-24T17:30:00+00:00,332.38999999999976,333.1999999999997,332.3799999999997,332.85999999999973,855
2026-07-24T17:35:00+00:00,332.85999999999973,333.0599999999997,332.60999999999973,332.8199999999997,668
2026-07-24T17:40:00+00:00,332.8199999999997,333.09999999999974,332.6899999999997,332.91999999999973,776
2026-07-24T17:45:00+00:00,332.91999999999973,333.15999999999974,332.77999999999975,333.03999999999974,707
2026-07-24T17:50:00+00:00,333.03999999999974,333.09999999999974,332.77999999999975,332.96999999999974,563
2026-07-24T17:55:00+00:00,332.96999999999974,332.9899999999997,332.6299999999997,332.63999999999976,634
2026-07-24T18:00:00+00:00,332.63999999999976,332.8799999999997,332.63999999999976,332.7599999999997,682
2026-07-24T18:05:00+00:00,332.7599999999997,333.1999999999997,332.72999999999973,332.8199999999997,638
2026-07-24T18:10:00+00:00,332.8199999999997,332.89999999999975,332.47999999999973,332.4899999999997,660
2026-07-24T18:15:00+00:00,332.4899999999997,332.77999999999975,332.35999999999973,332.5699999999997,739
2026-07-24T18:20:00+00:00,332.5699999999997,332.6199999999997,332.28999999999974,332.39999999999975,716
2026-07-24T18:25:00+00:00,332.39999999999975,332.53999999999974,332.1999999999997,332.3099999999997,926
2026-07-24T18:30:00+00:00,332.3099999999997,332.52999999999975,332.07999999999976,332.16999999999973,799
2026-07-24T18:35:00+00:00,332.16999999999973,332.63999999999976,332.10999999999973,332.52999999999975,1055
2026-07-24T18:40:00+00:00,332.52999999999975,332.5699999999997,332.0699999999997,332.26999999999975,1100
2026-07-24T18:45:00+00:00,332.26999999999975,332.72999999999973,332.20999999999975,332.6999999999997,834
2026-07-24T18:50:00+00:00,332.6999999999997,333.1299999999997,332.6799999999997,333.01999999999975,943
2026-07-24T18:55:00+00:00,333.01999999999975,333.21999999999974,332.85999999999973,332.96999999999974,895
2026-07-24T19:00:00+00:00,332.96999999999974,333.26999999999975,332.91999999999973,333.09999999999974,1041
2026-07-24T19:05:00+00:00,333.09999999999974,333.27999999999975,332.5599999999997,332.64999999999975,1048
2026-07-24T19:10:00+00:00,332.64999999999975,333.0599999999997,332.58999999999975,332.78999999999974,1010
2026-07-24T19:15:00+00:00,332.78999999999974,333.14999999999975,332.52999999999975,333.07999999999976,877
2026-07-24T19:20:00+00:00,333.07999999999976,333.14999999999975,332.63999999999976,332.84999999999974,885
2026-07-24T19:25:00+00:00,332.84999999999974,332.8699999999997,332.4999999999997,332.5499999999997,717
2026-07-24T19:30:00+00:00,332.5499999999997,332.60999999999973,332.3699999999997,332.39999999999975,872
2026-07-24T19:35:00+00:00,332.39999999999975,332.7399999999997,332.26999999999975,332.34999999999974,910
2026-07-24T19:40:00+00:00,332.34999999999974,332.8099999999997,332.33999999999975,332.78999999999974,1020
2026-07-24T19:45:00+00:00,332.78999999999974,332.91999999999973,331.88999999999976,331.96999999999974,1198
2026-07-24T19:50:00+00:00,331.96999999999974,333.4399999999997,331.96999999999974,333.20999999999975,1247
2026-07-24T19:55:00+00:00,333.20999999999975,333.4499999999997,332.6199999999997,333.13999999999976,1666
2026-07-27T13:30:00+00:00,333.13999999999976,337.09999999999974,333.13999999999976,335.41999999999973,2046
2026-07-27T13:35:00+00:00,335.41999999999973,336.46999999999974,334.27999999999975,335.76999999999975,1351
2026-07-27T13:40:00+00:00,335.76999999999975,335.9299999999997,334.9499999999997,334.96999999999974,1929
2026-07-27T13:45:00+00:00,334.96999999999974,336.8099999999997,334.95999999999975,335.3099999999997,2082
2026-07-27T13:50:00+00:00,335.3099999999997,335.39999999999975,334.57999999999976,334.77999999999975,2048
2026-07-27T13:55:00+00:00,334.77999999999975,335.65999999999974,334.07999999999976,335.52999999999975,2219
2026-07-27T14:00:00+00:00,335.52999999999975,336.90999999999974,335.26999999999975,335.77999999999975,2420
2026-07-27T14:05:00+00:00,335.77999999999975,336.76999999999975,335.66999999999973,336.3099999999997,2397
2026-07-27T14:10:00+00:00,336.3099999999997,336.7499999999997,335.9399999999997,336.6299999999997,2595
2026-07-27T14:15:00+00:00,336.6299999999997,337.8799999999997,336.57999999999976,337.64999999999975,2299
2026-07-27T14:20:00+00:00,337.64999999999975,338.14999999999975,337.1899999999997,337.7499999999997,2058
2026-07-27T14:25:00+00:00,337.7499999999997,337.9299999999997,337.07999999999976,337.66999999999973,2269
2026-07-27T14:30:00+00:00,337.66999999999973,337.84999999999974,336.85999999999973,337.4499999999997,2054
2026-07-27T14:35:00+00:00,337.4499999999997,337.6899999999997,336.9999999999997,337.6899999999997,1963
2026-07-27T14:40:00+00:00,337.6899999999997,337.91999999999973,336.2499999999997,336.35999999999973,2587
2026-07-27T14:45:00+00:00,336.35999999999973,337.58999999999975,336.15999999999974,337.40999999999974,1989
2026-07-27T14:50:00+00:00,337.40999999999974,337.53999999999974,336.64999999999975,336.8199999999997,1611
2026-07-27T14:55:00+00:00,336.8199999999997,338.3799999999997,336.8199999999997,338.2399999999997,1611
2026-07-27T15:00:00+00:00,338.2399999999997,339.52999999999975,338.1899999999997,339.15999999999974,1947
2026-07-27T15:05:00+00:00,339.15999999999974,339.4399999999997,338.59999999999974,338.66999999999973,1614
2026-07-27T15:10:00+00:00,338.66999999999973,339.2599999999997,338.59999999999974,339.03999999999974,1386
2026-07-27T15:15:00+00:00,339.03999999999974,339.2399999999997,338.6299999999997,338.8199999999997,1480
2026-07-27T15:20:00+00:00,338.8199999999997,338.9999999999997,338.2999999999997,338.6299999999997,1862
2026-07-27T15:25:00+00:00,338.6299999999997,338.9299999999997,338.46999999999974,338.78999999999974,1728
2026-07-27T15:30:00+00:00,338.78999999999974,339.59999999999974,338.57999999999976,339.39999999999975,1736
2026-07-27T15:35:00+00:00,339.39999999999975,339.39999999999975,337.39999999999975,337.53999999999974,2162
2026-07-27T15:40:00+00:00,337.53999999999974,338.33999999999975,337.10999999999973,338.27999999999975,1873
2026-07-27T15:45:00+00:00,338.27999999999975,338.5699999999997,337.8799999999997,338.26999999999975,1661
2026-07-27T15:50:00+00:00,338.26999999999975,338.46999999999974,337.6799999999997,337.9499999999997,1427
2026-07-27T15:55:00+00:00,337.9499999999997,337.9999999999997,336.7599999999997,337.10999999999973,1599
2026-07-27T16:00:00+00:00,337.10999999999973,337.4999999999997,337.0599999999997,337.3099999999997,1290
2026-07-27T16:05:00+00:00,337.3099999999997,337.3199999999997,337.0499999999997,337.1799999999997,1484
2026-07-27T16:10:00+00:00,337.1799999999997,337.5699999999997,337.1199999999997,337.28999999999974,1313
2026-07-27T16:15:00+00:00,337.28999999999974,337.8699999999997,337.20999999999975,337.5099999999997,1393
2026-07-27T16:20:00+00:00,337.5099999999997,337.71999999999974,337.3099999999997,337.58999999999975,1609
2026-07-27T16:25:00+00:00,337.58999999999975,338.02999999999975,337.34999999999974,337.47999999999973,1568
2026-07-27T16:30:00+00:00,337.47999999999973,337.77999999999975,337.39999999999975,337.72999999999973,564
2026-07-27T16:35:00+00:00,337.72999999999973,338.15999999999974,337.38999999999976,337.4499999999997,711
2026-07-27T16:40:00+00:00,337.4499999999997,337.5499999999997,336.5599999999997,336.77999999999975,1329
2026-07-27T16:45:00+00:00,336.77999999999975,336.83999999999975,336.4499999999997,336.47999999999973,1205
2026-07-27T16:50:00+00:00,336.47999999999973,336.63999999999976,336.16999999999973,336.39999999999975,1274
2026-07-27T16:55:00+00:00,336.39999999999975,336.72999999999973,336.08999999999975,336.6999999999997,1339
2026-07-27T17:00:00+00:00,336.6999999999997,336.8099999999997,336.0599999999997,336.07999999999976,1168
2026-07-27T17:05:00+00:00,336.07999999999976,336.3099999999997,335.9399999999997,336.3099999999997,1340
2026-07-27T17:10:00+00:00,336.3099999999997,336.4999999999997,336.14999999999975,336.3799999999997,1260
2026-07-27T17:15:00+00:00,336.3799999999997,336.41999999999973,335.66999999999973,335.96999999999974,1085
2026-07-27T17:20:00+00:00,335.96999999999974,336.4399999999997,335.83999999999975,336.4399999999997,1224
2026-07-27T17:25:00+00:00,336.4399999999997,336.7599999999997,336.0499999999997,336.0499999999997,1251
2026-07-27T17:30:00+00:00,336.0499999999997,336.47999999999973,336.0499999999997,336.47999999999973,883
2026-07-27T17:35:00+00:00,336.47999999999973,336.82999999999976,336.3199999999997,336.5599999999997,920
2026-07-27T17:40:00+00:00,336.5599999999997,336.60999999999973,336.13999999999976,336.2599999999997,896
2026-07-27T17:45:00+00:00,336.2599999999997,336.33999999999975,335.82999999999976,335.85999999999973,1037
2026-07-27T17:50:00+00:00,335.85999999999973,336.02999999999975,335.35999999999973,336.01999999999975,1332
2026-07-27T17:55:00+00:00,336.01999999999975,336.09999999999974,335.35999999999973,335.5099999999997,267
2026-07-27T18:00:00+00:00,335.5099999999997,335.5099999999997,335.20999999999975,335.33999999999975,253.19892473118276
2026-07-27T18:05:00+00:00,335.33999999999975,335.71999999999974,335.33999999999975,335.71999999999974,215.23554180630745
2026-07-27T18:10:00+00:00,335.71999999999974,335.9099999999997,335.62999999999977,335.65999999999974,591.4617517087049
2026-07-27T18:15:00+00:00,335.65999999999974,335.85999999999973,335.3099999999998,335.53999999999974,932
2026-07-27T18:20:00+00:00,335.53999999999974,335.70999999999975,335.41999999999973,335.53999999999974,918
2026-07-27T18:25:00+00:00,335.53999999999974,335.59999999999974,334.94999999999976,334.9899999999998,811
2026-07-27T18:30:00+00:00,334.9899999999998,335.0599999999998,334.65999999999974,334.7499999999998,1082
2026-07-27T18:35:00+00:00,334.7499999999998,334.93999999999977,334.60999999999973,334.83999999999975,960
2026-07-27T18:40:00+00:00,334.83999999999975,335.03999999999974,334.5499999999997,334.9299999999998,1443
2026-07-27T18:45:00+00:00,334.9299999999998,335.34999999999974,334.87999999999977,334.93999999999977,933
2026-07-27T18:50:00+00:00,334.93999999999977,335.71999999999974,334.93999999999977,335.66999999999973,1018
2026-07-27T18:55:00+00:00,335.66999999999973,336.1199999999998,335.50999999999976,335.6799999999998,1340
2026-07-27T19:00:00+00:00,335.6799999999998,335.7499999999998,335.16999999999973,335.20999999999975,1163
2026-07-27T19:05:00+00:00,335.20999999999975,335.52999999999975,335.09999999999974,335.4299999999998,1007
2026-07-27T19:10:00+00:00,335.4299999999998,335.72999999999973,335.3699999999998,335.44999999999976,803
2026-07-27T19:15:00+00:00,335.44999999999976,335.66999999999973,335.43999999999977,335.46999999999974,683
2026-07-27T19:20:00+00:00,335.46999999999974,335.8099999999998,335.39999999999975,335.66999999999973,803
2026-07-27T19:25:00+00:00,335.66999999999973,335.83999999999975,335.4999999999998,335.62999999999977,848
2026-07-27T19:30:00+00:00,335.62999999999977,336.01999999999975,335.5599999999998,335.84999999999974,912
2026-07-27T19:35:00+00:00,335.84999999999974,336.31999999999977,335.7999999999997,336.16999999999973,1038
2026-07-27T19:40:00+00:00,336.16999999999973,336.27999999999975,335.97999999999973,336.14999999999975,805
2026-07-27T19:45:00+00:00,336.14999999999975,336.25999999999976,335.56999999999977,336.12999999999977,1003
2026-07-27T19:50:00+00:00,336.12999999999977,337.02999999999975,336.12999999999977,337.00999999999976,975
2026-07-27T19:55:00+00:00,337.00999999999976,337.08999999999975,336.5499999999997,336.77999999999975,2151
2026-07-28T13:30:00+00:00,336.77999999999975,342.69999999999976,336.77999999999975,339.34999999999974,3738
2026-07-28T13:35:00+00:00,339.34999999999974,340.21999999999974,338.45999999999975,338.59999999999974,3913
2026-07-28T13:40:00+00:00,338.59999999999974,339.25999999999976,338.01999999999975,338.28999999999974,3910
2026-07-28T13:45:00+00:00,338.28999999999974,338.66999999999973,337.41999999999973,337.72999999999973,3731
2026-07-28T13:50:00+00:00,337.72999999999973,339.46999999999974,337.66999999999973,338.15999999999974,3842
2026-07-28T13:55:00+00:00,338.15999999999974,338.5499999999997,337.0499999999997,337.34999999999974,3257
2026-07-28T14:00:00+00:00,337.34999999999974,337.96999999999974,335.93999999999977,336.22999999999973,2932
2026-07-28T14:05:00+00:00,336.22999999999973,337.41999999999973,335.44999999999976,336.50999999999976,3210
2026-07-28T14:10:00+00:00,336.50999999999976,336.81999999999977,335.77999999999975,336.77999999999975,3063
2026-07-28T14:15:00+00:00,336.77999999999975,337.66999999999973,336.6199999999998,337.2999999999997,3141
2026-07-28T14:20:00+00:00,337.2999999999997,338.12999999999977,337.1799999999998,337.59999999999974,3121
2026-07-28T14:25:00+00:00,337.59999999999974,337.91999999999973,337.2999999999997,337.7999999999997,2724
2026-07-28T14:30:00+00:00,337.7999999999997,338.66999999999973,337.75999999999976,338.40999999999974,2467
2026-07-28T14:35:00+00:00,338.40999999999974,338.45999999999975,337.2999999999997,337.33999999999975,2297
2026-07-28T14:40:00+00:00,337.33999999999975,338.1799999999998,337.0599999999998,338.03999999999974,2193
2026-07-28T14:45:00+00:00,338.03999999999974,338.26999999999975,337.84999999999974,337.90999999999974,2204
2026-07-28T14:50:00+00:00,337.90999999999974,338.27999999999975,337.02999999999975,337.1199999999998,2280
2026-07-28T14:55:00+00:00,337.1199999999998,337.45999999999975,336.8099999999998,336.96999999999974,2283
2026-07-28T15:00:00+00:00,336.96999999999974,337.65999999999974,336.47999999999973,337.5599999999998,2101
2026-07-28T15:05:00+00:00,337.5599999999998,338.75999999999976,337.5599999999998,338.70999999999975,2363
2026-07-28T15:10:00+00:00,338.70999999999975,339.35999999999973,338.63999999999976,338.97999999999973,2419
2026-07-28T15:15:00+00:00,338.97999999999973,339.52999999999975,338.84999999999974,339.1799999999998,2419
2026-07-28T15:20:00+00:00,339.1799999999998,339.34999999999974,338.50999999999976,338.66999999999973,2121
2026-07-28T15:25:00+00:00,338.66999999999973,339.38999999999976,338.56999999999977,339.14999999999975,2007
2026-07-28T15:30:00+00:00,339.14999999999975,339.51999999999975,338.89999999999975,339.06999999999977,2009
2026-07-28T15:35:00+00:00,339.06999999999977,339.4299999999998,338.96999999999974,339.25999999999976,1971
2026-07-28T15:40:00+00:00,339.25999999999976,339.7999999999997,339.2399999999998,339.5499999999997,1659
2026-07-28T15:45:00+00:00,339.5499999999997,339.58999999999975,339.06999999999977,339.18999999999977,1392
2026-07-28T15:50:00+00:00,339.18999999999977,339.63999999999976,338.90999999999974,339.44999999999976,1616
2026-07-28T15:55:00+00:00,339.44999999999976,339.7399999999998,339.38999999999976,339.47999999999973,1456
2026-07-28T16:00:00+00:00,339.47999999999973,339.6199999999998,339.34999999999974,339.53999999999974,1454
2026-07-28T16:05:00+00:00,339.53999999999974,339.81999999999977,339.34999999999974,339.75999999999976,1546
2026-07-28T16:10:00+00:00,339.75999999999976,339.8699999999998,339.59999999999974,339.69999999999976,1329
2026-07-28T16:15:00+00:00,339.69999999999976,339.78999999999974,339.39999999999975,339.58999999999975,1593
2026-07-28T16:20:00+00:00,339.58999999999975,339.7999999999997,339.39999999999975,339.5499999999997,1475
2026-07-28T16:25:00+00:00,339.5499999999997,340.03999999999974,339.50999999999976,339.6799999999998,1346
2026-07-28T16:30:00+00:00,339.6799999999998,340.45999999999975,339.66999999999973,340.21999999999974,1448
2026-07-28T16:35:00+00:00,340.21999999999974,340.31999999999977,339.7999999999997,339.91999999999973,1288
2026-07-28T16:40:00+00:00,339.91999999999973,339.96999999999974,339.26999999999975,339.27999999999975,1365
2026-07-28T16:45:00+00:00,339.27999999999975,339.41999999999973,338.8099999999998,339.01999999999975,1530
2026-07-28T16:50:00+00:00,339.01999999999975,339.84999999999974,339.01999999999975,339.76999999999975,1410
2026-07-28T16:55:00+00:00,339.76999999999975,339.84999999999974,339.39999999999975,339.58999999999975,1183
2026-07-28T17:00:00+00:00,339.58999999999975,339.77999999999975,339.39999999999975,339.53999999999974,1292
2026-07-28T17:05:00+00:00,339.53999999999974,339.69999999999976,339.1199999999998,339.20999999999975,1131
2026-07-28T17:10:00+00:00,339.20999999999975,339.26999999999975,338.89999999999975,338.96999999999974,1167
2026-07-28T17:15:00+00:00,338.96999999999974,339.0499999999997,338.76999999999975,338.89999999999975,986
2026-07-28T17:20:00+00:00,338.89999999999975,339.37999999999977,338.8099999999998,339.02999999999975,1442
2026-07-28T17:25:00+00:00,339.02999999999975,339.1199999999998,338.7999999999997,338.89999999999975,1110
2026-07-28T17:30:00+00:00,338.89999999999975,339.12999999999977,338.87999999999977,338.9999999999998,748
2026-07-28T17:35:00+00:00,338.9999999999998,339.2999999999997,338.93999999999977,339.25999999999976,1024
2026-07-28T17:40:00+00:00,339.25999999999976,339.6799999999998,339.18999999999977,339.40999999999974,1194
2026-07-28T17:45:00+00:00,339.40999999999974,339.89999999999975,339.3099999999998,339.71999999999974,1389
2026-07-28T17:50:00+00:00,339.71999999999974,339.8099999999998,339.45999999999975,339.66999999999973,1041
2026-07-28T17:55:00+00:00,339.66999999999973,339.78999999999974,339.39999999999975,339.59999999999974,1011
2026-07-28T18:00:00+00:00,339.59999999999974,339.72999999999973,339.39999999999975,339.51999999999975,1079
2026-07-28T18:05:00+00:00,339.51999999999975,339.56999999999977,339.33999999999975,339.4899999999998,1069
2026-07-28T18:10:00+00:00,339.4899999999998,339.52999999999975,339.3099999999998,339.41999999999973,1031
2026-07-28T18:15:00+00:00,339.41999999999973,339.69999999999976,339.2999999999997,339.59999999999974,1068
2026-07-28T18:20:00+00:00,339.59999999999974,339.76999999999975,339.4999999999998,339.57999999999976,1042
2026-07-28T18:25:00+00:00,339.57999999999976,340.02999999999975,339.57999999999976,339.7399999999998,1093
2026-07-28T18:30:00+00:00,339.7399999999998,339.78999999999974,339.15999999999974,339.33999999999975,1183
2026-07-28T18:35:00+00:00,339.33999999999975,339.41999999999973,338.68999999999977,338.69999999999976,1118
2026-07-28T18:40:00+00:00,338.69999999999976,338.69999999999976,338.13999999999976,338.27999999999975,1131
2026-07-28T18:45:00+00:00,338.27999999999975,338.75999999999976,338.25999999999976,338.52999999999975,929
2026-07-28T18:50:00+00:00,338.52999999999975,338.8099999999998,338.46999999999974,338.68999999999977,810
2026-07-28T18:55:00+00:00,338.68999999999977,339.43999999999977,338.68999999999977,339.15999999999974,1289
2026-07-28T19:00:00+00:00,339.15999999999974,339.5499999999997,339.15999999999974,339.45999999999975,1194
2026-07-28T19:05:00+00:00,339.45999999999975,339.50999999999976,339.08999999999975,339.13999999999976,1491
2026-07-28T19:10:00+00:00,339.13999999999976,339.34999999999974,339.0499999999997,339.0499999999997,1211
2026-07-28T19:15:00+00:00,339.0499999999997,339.35999999999973,339.00999999999976,339.14999999999975,1081
2026-07-28T19:20:00+00:00,339.14999999999975,339.34999999999974,339.0599999999998,339.15999999999974,1011
2026-07-28T19:25:00+00:00,339.15999999999974,339.2499999999998,338.91999999999973,339.03999999999974,987
2026-07-28T19:30:00+00:00,339.03999999999974,339.2499999999998,338.96999999999974,339.2399999999998,1147
2026-07-28T19:35:00+00:00,339.2399999999998,339.71999999999974,339.15999999999974,339.58999999999975,1234
2026-07-28T19:40:00+00:00,339.58999999999975,340.02999999999975,339.53999999999974,339.8699999999998,1141
2026-07-28T19:45:00+00:00,339.8699999999998,339.8699999999998,339.01999999999975,339.32999999999976,1385
2026-07-28T19:50:00+00:00,339.32999999999976,339.8699999999998,339.14999999999975,339.72999999999973,1239
2026-07-28T19:55:00+00:00,339.72999999999973,340.4299999999998,339.35999999999973,340.2399999999998,2575
2026-07-29T13:30:00+00:00,340.2399999999998,342.06999999999977,339.2499999999998,339.83999999999975,1257
2026-07-29T13:35:00+00:00,339.83999999999975,341.06999999999977,339.6199999999998,340.90999999999974,1095
2026-07-29T13:40:00+00:00,340.90999999999974,341.63999999999976,340.60999999999973,341.33999999999975,1187
2026-07-29T13:45:00+00:00,341.33999999999975,343.27999999999975,341.33999999999975,343.0499999999997,1355
2026-07-29T13:50:00+00:00,343.0499999999997,343.5499999999997,342.7999999999997,342.83999999999975,1582
2026-07-29T13:55:00+00:00,342.83999999999975,342.95999999999975,342.0599999999998,342.64999999999975,1329
2026-07-29T14:00:00+00:00,342.64999999999975,343.3699999999998,342.39999999999975,342.9999999999998,1386
2026-07-29T14:05:00+00:00,342.9999999999998,343.1799999999998,342.09999999999974,342.51999999999975,1243
2026-07-29T14:10:00+00:00,342.51999999999975,342.66999999999973,341.6199999999998,341.6799999999998,1211
2026-07-29T14:15:00+00:00,341.6799999999998,341.95999999999975,341.0499999999997,341.12999999999977,1124
2026-07-29T14:20:00+00:00,341.12999999999977,341.58999999999975,340.9999999999998,341.08999999999975,934
2026-07-29T14:25:00+00:00,341.08999999999975,341.20999999999975,340.59999999999974,341.00999999999976,1047
2026-07-29T14:30:00+00:00,341.00999999999976,341.52999999999975,340.7999999999997,341.44999999999976,980
2026-07-29T14:35:00+00:00,341.44999999999976,341.6199999999998,340.9999999999998,341.14999999999975,741
2026-07-29T14:40:00+00:00,341.14999999999975,341.45999999999975,340.89999999999975,341.4299999999998,1145
2026-07-29T14:45:00+00:00,341.4299999999998,341.5599999999998,340.69999999999976,340.87999999999977,1097
2026-07-29T14:50:00+00:00,340.87999999999977,340.88999999999976,340.2499999999998,340.58999999999975,1174
2026-07-29T14:55:00+00:00,340.58999999999975,340.6799999999998,340.00999999999976,340.25999999999976,915.4664946375292
2026-07-29T15:00:00+00:00,340.25999999999976,340.32999999999976,339.39999999999975,339.57999999999976,1178
2026-07-29T15:05:00+00:00,339.57999999999976,340.4199999999998,339.46999999999974,340.12999999999977,986
2026-07-29T15:10:00+00:00,340.12999999999977,340.1699999999998,339.7499999999998,339.83999999999975,852
2026-07-29T15:15:00+00:00,339.83999999999975,340.1799999999998,339.6699999999998,339.7399999999998,926
2026-07-29T15:20:00+00:00,339.7399999999998,339.89999999999975,339.52999999999975,339.88999999999976,801
2026-07-29T15:25:00+00:00,339.88999999999976,339.96999999999974,339.53999999999974,339.64999999999975,705
2026-07-29T15:30:00+00:00,339.64999999999975,340.06999999999977,339.6199999999998,339.7399999999998,739
2026-07-29T15:35:00+00:00,339.7399999999998,340.5599999999998,339.65999999999974,340.21999999999974,798
2026-07-29T15:40:00+00:00,340.21999999999974,340.46999999999974,339.7299999999998,339.90999999999974,838
2026-07-29T15:45:00+00:00,339.90999999999974,340.7299999999998,339.87999999999977,340.70999999999975,785
2026-07-29T15:50:00+00:00,340.70999999999975,341.08999999999975,340.5599999999998,340.6699999999998,801
2026-07-29T15:55:00+00:00,340.6699999999998,340.9999999999998,340.58999999999975,340.9299999999998,752
2026-07-29T16:00:00+00:00,340.9299999999998,340.9999999999998,340.51999999999975,340.7299999999998,696
2026-07-29T16:05:00+00:00,340.7299999999998,340.88999999999976,340.5499999999998,340.82999999999976,823
2026-07-29T16:10:00+00:00,340.82999999999976,340.96999999999974,340.58999999999975,340.70999999999975,677
2026-07-29T16:15:00+00:00,340.70999999999975,341.02999999999975,340.5599999999998,340.96999999999974,663
2026-07-29T16:20:00+00:00,340.96999999999974,341.40999999999974,340.70999999999975,341.38999999999976,672
2026-07-29T16:25:00+00:00,341.38999999999976,341.43999999999977,341.08999999999975,341.1099999999998,657
2026-07-29T16:30:00+00:00,341.1099999999998,341.25999999999976,340.8699999999998,340.9799999999998,509
2026-07-29T16:35:00+00:00,340.9799999999998,341.0499999999998,340.3099999999998,340.43999999999977,545
2026-07-29T16:40:00+00:00,340.43999999999977,340.45999999999975,339.9299999999998,340.4199999999998,608
2026-07-29T16:45:00+00:00,340.4199999999998,340.71999999999974,340.18999999999977,340.65999999999974,632
2026-07-29T16:50:00+00:00,340.65999999999974,340.96999999999974,340.56999999999977,340.87999999999977,631
2026-07-29T16:55:00+00:00,340.87999999999977,341.19999999999976,340.6799999999998,341.19999999999976,553
2026-07-29T17:00:00+00:00,341.19999999999976,341.94999999999976,340.94999999999976,341.78999999999974,605
2026-07-29T17:05:00+00:00,341.78999999999974,341.95999999999975,341.4199999999998,341.43999999999977,640
2026-07-29T17:10:00+00:00,341.43999999999977,342.1799999999998,341.4199999999998,342.1799999999998,687
2026-07-29T17:15:00+00:00,342.1799999999998,342.75999999999976,341.94999999999976,342.6799999999998,564
2026-07-29T17:20:00+00:00,342.6799999999998,343.3099999999998,342.6199999999998,342.7999999999998,733
2026-07-29T17:25:00+00:00,342.7999999999998,343.00999999999976,342.51999999999975,342.51999999999975,668
2026-07-29T17:30:00+00:00,342.51999999999975,342.58999999999975,342.18999999999977,342.33999999999975,804
2026-07-29T17:35:00+00:00,342.33999999999975,343.0599999999998,342.33999999999975,342.83999999999975,607
2026-07-29T17:40:00+00:00,342.83999999999975,343.25999999999976,342.81999999999977,342.89999999999975,767
2026-07-29T17:45:00+00:00,342.89999999999975,343.0499999999998,342.75999999999976,342.84999999999974,580
2026-07-29T17:50:00+00:00,342.84999999999974,343.0599999999998,342.5599999999998,342.77999999999975,629
2026-07-29T17:55:00+00:00,342.77999999999975,343.1799999999998,342.52999999999975,342.9999999999998,679
2026-07-29T18:00:00+00:00,342.9999999999998,344.07999999999976,342.8599999999998,344.0499999999998,1207
2026-07-29T18:05:00+00:00,344.0499999999998,344.43999999999977,343.4899999999998,343.58999999999975,960
2026-07-29T18:10:00+00:00,343.58999999999975,343.81999999999977,343.3099999999998,343.51999999999975,840
2026-07-29T18:15:00+00:00,343.51999999999975,343.88999999999976,343.4299999999998,343.7499999999998,748
2026-07-29T18:20:00+00:00,343.7499999999998,343.76999999999975,343.1099999999998,343.2299999999998,835
2026-07-29T18:25:00+00:00,343.2299999999998,343.50999999999976,343.00999999999976,343.4299999999998,783
2026-07-29T18:30:00+00:00,343.4299999999998,343.7299999999998,342.83999999999975,343.1699999999998,1355
2026-07-29T18:35:00+00:00,343.1699999999998,343.7999999999998,342.9799999999998,343.6199999999998,959
2026-07-29T18:40:00+00:00,343.6199999999998,343.76999999999975,343.21999999999974,343.56999999999977,1086
2026-07-29T18:45:00+00:00,343.56999999999977,343.71999999999974,343.2299999999998,343.68999999999977,981
2026-07-29T18:50:00+00:00,343.68999999999977,343.7499999999998,343.32999999999976,343.52999999999975,724
2026-07-29T18:55:00+00:00,343.52999999999975,343.69999999999976,342.58999999999975,342.75999999999976,746
2026-07-29T19:00:00+00:00,342.75999999999976,342.8599999999998,341.84999999999974,342.12999999999977,922
2026-07-29T19:05:00+00:00,342.12999999999977,342.2399999999998,341.78999999999974,341.8099999999998,962
2026-07-29T19:10:00+00:00,341.8099999999998,342.4199999999998,341.78999999999974,342.27999999999975,724
2026-07-29T19:15:00+00:00,342.27999999999975,342.7299999999998,341.9999999999998,342.1799999999998,728
2026-07-29T19:20:00+00:00,342.1799999999998,342.2399999999998,341.4199999999998,341.4299999999998,942
2026-07-29T19:25:00+00:00,341.4299999999998,341.58999999999975,341.1799999999998,341.40999999999974,774
2026-07-29T19:30:00+00:00,341.40999999999974,341.40999999999974,340.38999999999976,340.69999999999976,850
2026-07-29T19:35:00+00:00,340.69999999999976,340.8099999999998,339.43999999999977,339.45999999999975,1141
2026-07-29T19:40:00+00:00,339.45999999999975,339.81999999999977,339.20999999999975,339.4199999999998,1276
2026-07-29T19:45:00+00:00,339.4199999999998,340.19999999999976,339.37999999999977,339.88999999999976,1537
2026-07-29T19:50:00+00:00,339.88999999999976,339.89999999999975,338.69999999999976,339.14999999999975,1949
2026-07-29T19:55:00+00:00,339.14999999999975,339.1699999999998,337.00999999999976,337.95999999999975,2906
2026-07-30T13:30:00+00:00,337.95999999999975,337.95999999999975,331.7999999999997,332.33999999999975,1620
2026-07-30T13:35:00+00:00,332.33999999999975,332.63999999999976,330.96999999999974,331.07999999999976,2240
2026-07-30T13:40:00+00:00,331.07999999999976,332.41999999999973,330.5499999999997,331.91999999999973,2294
2026-07-30T13:45:00+00:00,331.91999999999973,332.2499999999997,331.0099999999997,331.3099999999997,2337
2026-07-30T13:50:00+00:00,331.3099999999997,332.9299999999997,331.10999999999973,332.02999999999975,2409
2026-07-30T13:55:00+00:00,332.02999999999975,332.0699999999997,331.20999999999975,331.89999999999975,2316
2026-07-30T14:00:00+00:00,331.89999999999975,331.89999999999975,330.3699999999997,330.51999999999975,2346
2026-07-30T14:05:00+00:00,330.51999999999975,332.60999999999973,330.14999999999975,332.5499999999997,1883
2026-07-30T14:10:00+00:00,332.5499999999997,332.5499999999997,330.9499999999997,331.10999999999973,1886
2026-07-30T14:15:00+00:00,331.10999999999973,331.7499999999997,330.8699999999997,331.1799999999997,1838
2026-07-30T14:20:00+00:00,331.1799999999997,331.89999999999975,331.09999999999974,331.38999999999976,1530
2026-07-30T14:25:00+00:00,331.38999999999976,332.07999999999976,331.0099999999997,331.0499999999997,1924
2026-07-30T14:30:00+00:00,331.0499999999997,331.0599999999997,329.57999999999976,329.60999999999973,1681
2026-07-30T14:35:00+00:00,329.60999999999973,331.14999999999975,329.3699999999997,330.85999999999973,1586
2026-07-30T14:40:00+00:00,330.85999999999973,331.97999999999973,330.85999999999973,331.83999999999975,1273
2026-07-30T14:45:00+00:00,331.83999999999975,332.14999999999975,331.51999999999975,332.0099999999997,1411
2026-07-30T14:50:00+00:00,332.0099999999997,332.40999999999974,331.51999999999975,331.7399999999997,1574
2026-07-30T14:55:00+00:00,331.7399999999997,332.10999999999973,331.27999999999975,332.10999999999973,1731
2026-07-30T15:00:00+00:00,332.10999999999973,332.10999999999973,331.0599999999997,331.57999999999976,2035
2026-07-30T15:05:00+00:00,331.57999999999976,332.7599999999997,331.32999999999976,332.51999999999975,1953
2026-07-30T15:10:00+00:00,332.51999999999975,332.8199999999997,331.22999999999973,331.26999999999975,1700
2026-07-30T15:15:00+00:00,331.26999999999975,331.82999999999976,331.0599999999997,331.3199999999997,1555
2026-07-30T15:20:00+00:00,331.3199999999997,331.4999999999997,330.8799999999997,330.97999999999973,1452
2026-07-30T15:25:00+00:00,330.97999999999973,331.27999999999975,330.8099999999997,330.97999999999973,1548
2026-07-30T15:30:00+00:00,330.97999999999973,331.84999999999974,330.9299999999997,331.82999999999976,1348
2026-07-30T15:35:00+00:00,331.82999999999976,331.89999999999975,331.1999999999997,331.45999999999975,1331
2026-07-30T15:40:00+00:00,331.45999999999975,332.1199999999997,331.3699999999997,331.91999999999973,1159
2026-07-30T15:45:00+00:00,331.91999999999973,332.1899999999997,331.5599999999997,331.57999999999976,1009
2026-07-30T15:50:00+00:00,331.57999999999976,331.77999999999975,331.13999999999976,331.4399999999997,1075
2026-07-30T15:55:00+00:00,331.4399999999997,331.89999999999975,331.34999999999974,331.5499999999997,905
2026-07-30T16:00:00+00:00,331.5499999999997,331.5499999999997,330.6799999999997,330.84999999999974,1458
2026-07-30T16:05:00+00:00,330.84999999999974,331.0599999999997,330.4299999999997,330.72999999999973,1160
2026-07-30T16:10:00+00:00,330.72999999999973,331.20999999999975,330.60999999999973,330.9299999999997,1131
2026-07-30T16:15:00+00:00,330.9299999999997,332.35999999999973,330.83999999999975,331.84999999999974,1369
2026-07-30T16:20:00+00:00,331.84999999999974,332.1999999999997,331.4899999999997,331.6799999999997,1190
2026-07-30T16:25:00+00:00,331.6799999999997,332.10999999999973,331.57999999999976,331.83999999999975,1080
2026-07-30T16:30:00+00:00,331.83999999999975,331.9299999999997,331.1999999999997,331.5699999999997,1067
2026-07-30T16:35:00+00:00,331.5699999999997,331.90999999999974,331.5099999999997,331.77999999999975,1127
2026-07-30T16:40:00+00:00,331.77999999999975,332.02999999999975,331.3799999999997,331.84999999999974,1319
2026-07-30T16:45:00+00:00,331.84999999999974,332.09999999999974,331.57999999999976,331.85999999999973,1304
2026-07-30T16:50:00+00:00,331.85999999999973,332.0499999999997,331.71999999999974,331.8799999999997,1039
2026-07-30T16:55:00+00:00,331.8799999999997,331.95999999999975,331.33999999999975,331.40999999999974,1046
2026-07-30T17:00:00+00:00,331.40999999999974,332.03999999999974,331.34999999999974,331.9399999999997,1092
2026-07-30T17:05:00+00:00,331.9399999999997,332.0499999999997,331.7999999999997,331.96999999999974,1052
2026-07-30T17:10:00+00:00,331.96999999999974,332.65999999999974,331.96999999999974,332.51999999999975,1130
2026-07-30T17:15:00+00:00,332.51999999999975,332.5599999999997,332.0499999999997,332.3099999999997,1120
2026-07-30T17:20:00+00:00,332.3099999999997,332.34999999999974,331.91999999999973,332.02999999999975,1059
2026-07-30T17:25:00+00:00,332.02999999999975,332.1199999999997,331.77999999999975,331.8799999999997,812
2026-07-30T17:30:00+00:00,331.8799999999997,332.16999999999973,331.5099999999997,331.6999999999997,980
2026-07-30T17:35:00+00:00,331.6999999999997,332.15999999999974,331.66999999999973,331.91999999999973,1025
2026-07-30T17:40:00+00:00,331.91999999999973,332.5599999999997,331.7399999999997,332.40999999999974,853
2026-07-30T17:45:00+00:00,332.40999999999974,332.52999999999975,332.21999999999974,332.46999999999974,746
2026-07-30T17:50:00+00:00,332.46999999999974,332.95999999999975,332.41999999999973,332.6899999999997,621
2026-07-30T17:55:00+00:00,332.6899999999997,333.1299999999997,332.66999999999973,333.08999999999975,684
2026-07-30T18:00:00+00:00,333.08999999999975,333.7599999999997,332.7999999999997,332.8199999999997,671
2026-07-30T18:05:00+00:00,332.8199999999997,333.2999999999997,332.7999999999997,332.9299999999997,618
2026-07-30T18:10:00+00:00,332.9299999999997,333.1799999999997,332.8099999999997,333.0699999999997,564
2026-07-30T18:15:00+00:00,333.0699999999997,333.53999999999974,333.0599999999997,333.4499999999997,579
2026-07-30T18:20:00+00:00,333.4499999999997,333.4499999999997,332.7499999999997,332.85999999999973,601
2026-07-30T18:25:00+00:00,332.85999999999973,332.9899999999997,332.51999999999975,332.89999999999975,720
2026-07-30T18:30:00+00:00,332.89999999999975,333.39999999999975,332.6999999999997,333.3199999999997,736
2026-07-30T18:35:00+00:00,333.3199999999997,333.4499999999997,333.14999999999975,333.28999999999974,560
2026-07-30T18:40:00+00:00,333.28999999999974,333.53999999999974,333.2499999999997,333.2499999999997,522
2026-07-30T18:45:00+00:00,333.2499999999997,333.77999999999975,333.20999999999975,333.66999999999973,506
2026-07-30T18:50:00+00:00,333.66999999999973,333.8199999999997,333.46999999999974,333.66999999999973,509
2026-07-30T18:55:00+00:00,333.66999999999973,333.8699999999997,333.4999999999997,333.53999999999974,557
2026-07-30T19:00:00+00:00,333.53999999999974,333.7399999999997,333.22999999999973,333.5499999999997,642
2026-07-30T19:05:00+00:00,333.5499999999997,333.6199999999997,333.20999999999975,333.35999999999973,684
2026-07-30T19:10:00+00:00,333.35999999999973,333.64999999999975,333.2999999999997,333.41999999999973,599
2026-07-30T19:15:00+00:00,333.41999999999973,333.71999999999974,333.2999999999997,333.64999999999975,605
2026-07-30T19:20:00+00:00,333.64999999999975,333.6799999999997,332.89999999999975,333.1999999999997,764
2026-07-30T19:25:00+00:00,333.1999999999997,333.4899999999997,332.9399999999997,332.9499999999997,955
2026-07-30T19:30:00+00:00,332.9499999999997,333.28999999999974,332.5699999999997,332.9999999999997,1221
2026-07-30T19:35:00+00:00,332.9999999999997,333.3699999999997,332.8799999999997,333.1899999999997,836
2026-07-30T19:40:00+00:00,333.1899999999997,333.3199999999997,332.70999999999975,332.8099999999997,773
2026-07-30T19:45:00+00:00,332.8099999999997,332.89999999999975,332.0499999999997,332.39999999999975,920
2026-07-30T19:50:00+00:00,332.39999999999975,332.97999999999973,332.35999999999973,332.6899999999997,1405
2026-07-30T19:55:00+00:00,332.6899999999997,333.89999999999975,332.3099999999997,333.5499999999997,1941
2026-07-31T13:30:00+00:00,333.5499999999997,333.5499999999997,300.33999999999975,301.6999999999997,3048
2026-07-31T13:35:00+00:00,301.6999999999997,303.08999999999975,300.6899999999997,301.03999999999974,2646
2026-07-31T13:40:00+00:00,301.03999999999974,304.6199999999997,300.10999999999973,304.53999999999974,2143
2026-07-31T13:45:00+00:00,304.53999999999974,305.64999999999975,303.83999999999975,304.8699999999997,2296
2026-07-31T13:50:00+00:00,304.8699999999997,305.2399999999997,304.1199999999997,304.46999999999974,1929
2026-07-31T13:55:00+00:00,304.46999999999974,305.09999999999974,302.3099999999997,302.46999999999974,1876
2026-07-31T14:00:00+00:00,302.46999999999974,303.0099999999997,301.09999999999974,301.8199999999997,1848
2026-07-31T14:05:00+00:00,301.8199999999997,302.66999999999973,301.60999999999973,302.5599999999997,2115
2026-07-31T14:10:00+00:00,302.5599999999997,302.8099999999997,301.13999999999976,301.8699999999997,1927
2026-07-31T14:15:00+00:00,301.8699999999997,302.51999999999975,301.4499999999997,302.20999999999975,1611
2026-07-31T14:20:00+00:00,302.20999999999975,303.2999999999997,302.13999999999976,302.9499999999997,1660
2026-07-31T14:25:00+00:00,302.9499999999997,303.3199999999997,302.3799999999997,302.5499999999997,1391
2026-07-31T14:30:00+00:00,302.5499999999997,302.7599999999997,301.70999999999975,301.70999999999975,1547
2026-07-31T14:35:00+00:00,301.70999999999975,302.33999999999975,301.4999999999997,302.03999999999974,1269
2026-07-31T14:40:00+00:00,302.03999999999974,302.5699999999997,301.7999999999997,302.22999999999973,1276
2026-07-31T14:45:00+00:00,302.22999999999973,302.4499999999997,301.84999999999974,302.38999999999976,1057
2026-07-31T14:50:00+00:00,302.38999999999976,302.5099999999997,301.95999999999975,302.15999999999974,943
2026-07-31T14:55:00+00:00,302.15999999999974,302.95999999999975,301.71999999999974,302.9499999999997,1132
2026-07-31T15:00:00+00:00,302.9499999999997,302.9899999999997,302.10999999999973,302.38999999999976,976
2026-07-31T15:05:00+00:00,302.38999999999976,302.71999999999974,302.22999999999973,302.6899999999997,939
2026-07-31T15:10:00+00:00,302.6899999999997,302.83999999999975,302.2999999999997,302.78999999999974,1123
2026-07-31T15:15:00+00:00,302.78999999999974,303.77999999999975,302.58999999999975,303.66999999999973,1531
2026-07-31T15:20:00+00:00,303.66999999999973,304.0099999999997,302.71999999999974,302.7499999999997,1365
2026-07-31T15:25:00+00:00,302.7499999999997,302.8699999999997,301.4499999999997,301.4899999999997,1741
2026-07-31T15:30:00+00:00,301.4899999999997,302.1199999999997,301.47999999999973,302.09999999999974,1367
2026-07-31T15:35:00+00:00,302.09999999999974,302.59999999999974,301.84999999999974,301.90999999999974,1337
2026-07-31T15:40:00+00:00,301.90999999999974,302.09999999999974,301.21999999999974,301.66999999999973,1259
2026-07-31T15:45:00+00:00,301.66999999999973,302.08999999999975,300.5499999999997,300.6199999999997,1116
2026-07-31T15:50:00+00:00,300.6199999999997,301.1999999999997,300.1899999999997,301.1899999999997,1184
2026-07-31T15:55:00+00:00,301.1899999999997,301.4899999999997,300.6799999999997,301.07999999999976,1075
2026-07-31T16:00:00+00:00,301.07999999999976,301.3799999999997,300.6999999999997,301.14999999999975,1057
2026-07-31T16:05:00+00:00,301.14999999999975,301.21999999999974,300.89999999999975,301.02999999999975,776
2026-07-31T16:10:00+00:00,301.02999999999975,301.90999999999974,300.95999999999975,301.90999999999974,676
2026-07-31T16:15:00+00:00,301.90999999999974,302.08999999999975,300.91999999999973,300.97999999999973,1187
2026-07-31T16:20:00+00:00,300.97999999999973,301.38999999999976,300.9299999999997,301.2399999999997,965
2026-07-31T16:25:00+00:00,301.2399999999997,301.35999999999973,300.2599999999997,300.33999999999975,937
2026-07-31T16:30:00+00:00,300.33999999999975,300.41999999999973,299.7999999999997,300.27999999999975,1252
2026-07-31T16:35:00+00:00,300.27999999999975,300.8199999999997,300.14999999999975,300.32999999999976,659
2026-07-31T16:40:00+00:00,300.32999999999976,300.7599999999997,299.9999999999997,300.1299999999997,953
2026-07-31T16:45:00+00:00,300.1299999999997,300.90999999999974,300.02999999999975,300.5699999999997,725
2026-07-31T16:50:00+00:00,300.5699999999997,301.33999999999975,300.35999999999973,300.52999999999975,700
2026-07-31T16:55:00+00:00,300.52999999999975,300.71999999999974,300.1799999999997,300.60999999999973,619
2026-07-31T17:00:00+00:00,300.60999999999973,301.59999999999974,300.59999999999974,301.3799999999997,740
2026-07-31T17:05:00+00:00,301.3799999999997,301.5699999999997,300.90999999999974,300.95999999999975,618
2026-07-31T17:10:00+00:00,300.95999999999975,301.3199999999997,300.71999999999974,301.2599999999997,493
2026-07-31T17:15:00+00:00,301.2599999999997,301.6199999999997,301.0099999999997,301.35999999999973,596
2026-07-31T17:20:00+00:00,301.35999999999973,301.4499999999997,301.0499999999997,301.15999999999974,488
2026-07-31T17:25:00+00:00,301.15999999999974,301.22999999999973,300.82999999999976,300.9999999999997,424
2026-07-31T17:30:00+00:00,300.9999999999997,301.35999999999973,300.8699999999997,301.26999999999975,455
2026-07-31T17:35:00+00:00,301.26999999999975,301.4999999999997,301.0599999999997,301.1799999999997,467
2026-07-31T17:40:00+00:00,301.1799999999997,301.38999999999976,301.0699999999997,301.10999999999973,407
2026-07-31T17:45:00+00:00,301.10999999999973,301.21999999999974,300.84999999999974,300.9499999999997,451
2026-07-31T17:50:00+00:00,300.9499999999997,301.0499999999997,300.33999999999975,300.46999999999974,397
2026-07-31T17:55:00+00:00,300.46999999999974,300.65999999999974,300.2999999999997,300.4399999999997,427
2026-07-31T18:00:00+00:00,300.4399999999997,301.0499999999997,300.38999999999976,300.8699999999997,507
2026-07-31T18:05:00+00:00,300.8699999999997,300.97999999999973,300.4899999999997,300.72999999999973,513
2026-07-31T18:10:00+00:00,300.72999999999973,301.8799999999997,300.70999999999975,301.78999999999974,632
2026-07-31T18:15:00+00:00,301.78999999999974,301.88999999999976,301.41999999999973,301.76999999999975,567
2026-07-31T18:20:00+00:00,301.76999999999975,302.20999999999975,301.7399999999997,302.14999999999975,445
2026-07-31T18:25:00+00:00,302.14999999999975,302.16999999999973,301.45999999999975,301.53999999999974,418
2026-07-31T18:30:00+00:00,301.53999999999974,301.91999999999973,301.5099999999997,301.84999999999974,515
2026-07-31T18:35:00+00:00,301.84999999999974,301.9499999999997,301.64999999999975,301.82999999999976,384
2026-07-31T18:40:00+00:00,301.82999999999976,302.14999999999975,301.65999999999974,302.10999999999973,426
2026-07-31T18:45:00+00:00,302.10999999999973,302.26999999999975,301.83999999999975,302.08999999999975,480
2026-07-31T18:50:00+00:00,302.08999999999975,302.7599999999997,302.02999999999975,302.6199999999997,452
2026-07-31T18:55:00+00:00,302.6199999999997,302.71999999999974,302.21999999999974,302.6199999999997,436
2026-07-31T19:00:00+00:00,302.6199999999997,303.70999999999975,302.5599999999997,303.5499999999997,682
2026-07-31T19:05:00+00:00,303.5499999999997,304.32999999999976,303.41999999999973,304.1999999999997,764
2026-07-31T19:10:00+00:00,304.1999999999997,304.63999999999976,304.1899999999997,304.3199999999997,831
2026-07-31T19:15:00+00:00,304.3199999999997,305.47999999999973,304.3199999999997,305.01999999999975,926
2026-07-31T19:20:00+00:00,305.01999999999975,305.1999999999997,304.4499999999997,305.08999999999975,803
2026-07-31T19:25:00+00:00,305.08999999999975,305.4899999999997,304.90999999999974,305.4499999999997,808
2026-07-31T19:30:00+00:00,305.4499999999997,305.65999999999974,304.85999999999973,305.65999999999974,1034
2026-07-31T19:35:00+00:00,305.65999999999974,306.20999999999975,304.8199999999997,304.95999999999975,1045
2026-07-31T19:40:00+00:00,304.95999999999975,306.4299999999997,304.89999999999975,306.32999999999976,996
2026-07-31T19:45:00+00:00,306.32999999999976,306.91999999999973,305.89999999999975,306.4899999999997,1408
2026-07-31T19:50:00+00:00,306.4899999999997,309.70999999999975,306.33999999999975,309.4299999999997,2184
2026-07-31T19:55:00+00:00,309.4299999999997,310.40999999999974,307.4299999999997,308.8699999999997,2332
